latitude,longitude,weather,risk
13.087483570765057,80.26702786170604,1,1
13.084308678494144,80.27200312488523,2,1
13.088238442690505,80.2750262184986,0,1
13.092615149282041,80.27523490296883,0,1
13.083829233126384,80.2727496726426,0,1
13.083829315215254,80.27811424966174,0,1
13.092896064077538,80.2696618978531,0,1
13.088837173645766,80.2742881025749,0,1
13.082652628070326,80.27560147815856,1,1
13.08771280021793,80.2775721941703,0,1
13.082682911535938,80.27855807439045,0,1
13.08267135123215,80.26937678954081,1,1
13.086209811357831,80.26732942914633,0,1
13.075433598776712,80.2813883841095,0,1
13.076375410837436,80.2766615700599,1,1
13.082188562353796,80.27125756731722,1,1
13.079935844398328,80.28275575987762,1,1
13.086571236662977,80.27557837317147,0,1
13.080459879622396,80.28089648592032,1,1
13.077938481493325,80.27533759240706,1,1
13.092328243844609,80.28530373962441,0,0
13.083871118497568,80.28377670421222,1,1
13.08533764102344,80.2737551792576,1,1
13.077876259068933,80.27985785475478,0,1
13.082278086377375,80.27822687974793,0,1
13.08555461294855,80.28184315778766,2,1
13.079245032112889,80.2701753826971,1,1
13.08687849009173,80.2784302573,0,1
13.081996806550407,80.28029212243425,1,1
13.083541531251035,80.2662063025679,0,1
13.081991466938854,80.26908370743668,0,1
13.094261390922545,80.26480383911121,0,0
13.08493251387631,80.27365296582778,2,1
13.07971144535522,80.27858771127899,2,1
13.089112724560517,80.28251178526048,0,1
13.078895781750147,80.2753704739021,0,1
13.086044317975025,80.28314307772786,0,1
13.075201649380602,80.26809949270893,2,1
13.078359069755509,80.26648308780322,2,1
13.085984306179347,80.27472226150552,1,1
13.088692332899978,80.2769203272447,1,1
13.08585684140595,80.27483652625953,1,1
13.084421758588059,80.26466278949981,0,0
13.083494481522054,80.27455439980244,0,1
13.077607390048163,80.26847765249748,0,1
13.081400778958027,80.27834836274415,1,1
13.082696806145202,80.27683299123049,1,1
13.090285611131096,80.27030060106837,0,1
13.086718091447842,80.27243066541332,2,1
13.076184799223187,80.26970393239056,0,0
13.086620419846975,80.27468660451363,0,1
13.083074588597919,80.27977571160251,1,1
13.08161538999847,80.27007136976833,1,1
13.088058381444204,80.2775202325776,1,1
13.09015499761248,80.27234871190814,0,1
13.089656400595581,80.2710356358387,0,1
13.080803912383887,80.27446484820024,1,1
13.083453938120744,80.26982378838791,0,1
13.086656317157018,80.27223175347326,0,1
13.089877725635613,80.26901061053707,1,1
13.082604128810775,80.28482362566459,0,0
13.084071705116681,80.27517631775986,1,1
13.079468325129971,80.27150137246004,1,1
13.079018966879598,80.27606989955368,0,1
13.089062629111972,80.27443835975156,0,1
13.091781200142854,80.27389515200234,1,1
13.084639949392098,80.27807083350022,1,1
13.09001766448946,80.27878753855025,1,1
13.086808180125239,80.27234749426195,1,1
13.081774401226975,80.27212090879678,1,1
13.086806978027543,80.27362474151425,2,1
13.09269018283233,80.26349039417633,0,1
13.084820869804451,80.26742404468901,0,1
13.09282321827907,80.28183437133723,0,0
13.071901274479552,80.2832248385675,0,0
13.089109512521876,80.27375481980222,0,1
13.085435235341192,80.27788278481529,0,1
13.083504963247671,80.27655625077273,2,1
13.085458803882679,80.29039440404229,0,0
13.075062155426997,80.28059787455717,0,0
13.083901640560814,80.2743604120426,0,1
13.08678556285756,80.270222297797,0,1
13.092389470223708,80.26696776839871,0,0
13.082408648908633,80.27601731817934,0,1
13.080957531985534,80.27121824627359,0,1
13.082491214782078,80.26788873145202,1,1
13.089577010588512,80.2717671355788,1,1
13.0866437555483,80.26959225998193,1,1
13.082351198981165,80.28343570817538,1,1
13.087566337165567,80.27940819878475,0,1
13.085485387746742,80.27496013679342,1,1
13.089843224952665,80.28239972069446,1,1
13.081489734530614,80.27538684153825,0,1
13.083361689267011,80.27069357899336,1,1
13.08303945923434,80.28261562038635,0,1
13.07768242525934,80.27769455021843,1,1
13.086480601385324,80.26981376922838,2,1
13.0863052763609,80.27404830660959,0,1
13.085025567283212,80.27062190873308,1,1
13.083827064333125,80.26808600134518,1,1
13.077923146289749,80.27963088773767,2,1
13.082896773386175,80.28454708320236,0,1
13.083286427417367,80.26800716213091,1,1
13.080988613653894,80.27781484618346,0,1
13.08419357144167,80.2717467871544,0,1
13.087020254284074,80.27256437308118,0,1
13.094430929506053,80.27203803037881,2,1
13.08587288906416,80.27068004615161,1,1
13.086287751953614,80.27524260813973,1,1
13.08462777042117,80.27084524941795,2,1
13.075406143923505,80.2763522841289,0,1
13.084867430622754,80.27474880945276,0,1
13.085301151049705,80.27380525976568,0,1
13.097316210562427,80.2704621816898,0,0
13.084038195176095,80.27211614334716,0,1
13.086507736711669,80.27877695612914,0,1
13.084826441151474,80.27750458593813,0,1
13.079156609811903,80.27011222377601,0,1
13.090714114072576,80.27549666152716,0,1
13.088759665163435,80.27875693561687,0,1
13.088955159735216,80.2666529735944,2,1
13.080453062726027,80.27771680096191,1,1
13.092013971554682,80.27168688120527,2,1
13.077990744686039,80.27785299334298,0,1
13.087934285469002,80.2711837042173,0,1
13.095952278129051,80.26597558949668,1,1
13.080047318374348,80.2668622878106,0,1
13.082168511351988,80.27524042473331,0,1
13.085498256825439,80.27629861250861,0,1
13.08248262172942,80.27047841687448,0,1
13.07724668284467,80.27819296229389,0,1
13.08534281487403,80.26669239968867,0,1
13.07968848143137,80.27466960100676,1,1
13.087367962153177,80.2689449190012,0,1
13.080402878828831,80.271740819461,0,1
13.09274967202509,80.27523699335659,1,1
13.08108373353832,80.27069793317358,0,1
13.083389692418972,80.27307722227886,0,1
13.089067586086848,80.28003146404608,1,1
13.078845678417832,80.2721155406524,0,1
13.086137299673021,80.27917846056033,0,1
13.091535713771412,80.26935146572671,0,1
13.076962583827195,80.27764902088958,0,1
13.085923169292663,80.2822078431033,0,1
13.086299413971243,80.26264177749937,1,1
13.088909114358888,80.27101552372265,0,1
13.078815246445611,80.2778853606359,0,1
13.07839771693458,80.27398477306978,0,1
13.087609707828085,80.27685572936686,0,1
13.086484923366166,80.27198007406642,1,1
13.08625246425173,80.27543294893736,0,1
13.086732241047486,80.27422161382304,0,1
13.081599876392108,80.2808389103083,0,1
13.086161268485807,80.27627210421652,0,1
13.086465362366495,80.27668801331038,0,1
13.081428242909869,80.27294061516939,1,1
13.094328872555725,80.27256196887964,0,1
13.08736916460456,80.27283720906091,0,1
13.079043482513988,80.2769722607119,0,1
13.08828276804317,80.2728950775959,1,1
13.080126591648865,80.27644887428448,0,1
13.088935423018713,80.28537700399323,1,1
13.090792977895038,80.27935562351716,1,1
13.080896588408242,80.27336988233917,1,1
13.089816880646222,80.28100606961083,0,1
13.087063904634684,80.2729596231349,0,1
13.089110300799973,80.26480937732411,1,0
13.094483964913271,80.26995956844542,2,0
13.083773059419986,80.26564604039487,1,1
13.081231319178213,80.27324243257979,0,1
13.080552427851874,80.27509209189596,0,1
13.080920948575173,80.28338218656138,0,1
13.08461449145293,80.27663463686882,1,1
13.086705759874084,80.27390449735596,0,1
13.086383453996651,80.27914702790592,0,1
13.089135916245182,80.26394432345496,1,1
13.08506500945939,80.27617807279054,0,1
13.092267670385787,80.27885432596943,1,1
13.08367671583381,80.26760706877111,0,1
13.09860084583295,80.28071877021604,0,0
13.088128336738826,80.27669248203748,0,1
13.08071421221792,80.2729235604305,1,1
13.079645537509695,80.27816390933053,0,1
13.087412362076217,80.28635346428902,0,1
13.083882686073371,80.2759093312753,2,1
13.088570002470462,80.27624110293151,0,1
13.087366188122868,80.2727031955023,0,1
13.084635855436716,80.27075077815269,0,1
13.08076603140966,80.27915167908273,0,1
13.07742576387657,80.27071958087046,1,1
13.082767425239666,80.2753578311861,0,1
13.089281993971618,80.27261171276618,0,1
13.086070468720651,80.27739489912874,0,1
13.078771306106441,80.27666831052645,1,1
13.085865904629257,80.2801876997213,0,1
13.086926586898645,80.27244991800573,0,1
13.080580712818994,80.27365062532354,0,1
13.08576862552973,80.2701061814211,0,1
13.08529104359223,80.27277853369962,0,1
13.079285148510849,80.27688650246523,0,1
13.086788936801742,80.27878494308324,1,1
13.087803922631842,80.27038917337912,0,1
13.090415256215877,80.27934802960053,2,1
13.090269010260176,80.28177818929403,2,1
13.078111653160216,80.27706717451612,0,1
13.080310874800425,80.2843839790628,0,0
13.087575176336044,80.27113105400448,0,1
13.087568929754562,80.26877672648345,1,1
13.087575238431532,80.26610639875548,0,1
13.104263657453274,80.28248022155745,0,1
13.087854452553467,80.27827182828177,0,1
13.090677828200905,80.27472207664546,1,1
13.089770008817467,80.2763998431316,1,1
13.08825695625653,80.2693725547635,0,1
13.0834236537768,80.28722875989808,1,1
13.088794846102466,80.27564610590989,0,1
13.081135873927312,80.27554697397304,0,1
13.0838159069663,80.2786288331195,1,1
13.082573182260855,80.27740504615869,0,1
13.085409370696933,80.2761194201214,0,1
13.096573292833368,80.27104762772278,0,0
13.075663674037042,80.27735734178569,1,1
13.088431300951873,80.28441012248238,1,1
13.076936420644053,80.28172710023078,1,1
13.082640340671054,80.2829659331332,1,1
13.090444752984837,80.27244392161785,0,1
13.085321400095479,80.27005197589871,0,1
13.079611276110354,80.2743710653995,0,1
13.081423481453701,80.27527862456145,0,1
13.088397988744674,80.28047095759236,0,1
13.081348166841416,80.26653767685143,2,1
13.08608229294791,80.28264775159731,0,1
13.08522785919952,80.27420996050711,0,1
13.081741998261972,80.27286559465027,0,1
13.095719720446628,80.2699394781237,0,0
13.08816959511159,80.26672571664068,2,1
13.074874287066713,80.27911585291982,0,0
13.085932271573848,80.27536658983595,0,1
13.081691067676159,80.2685501955013,1,1
13.089262166673983,80.26852460613969,0,1
13.081037396307837,80.27332107650355,0,1
13.084426317792666,80.28334510762646,0,1
13.087524936394903,80.27370204324319,0,1
13.089328775970852,80.26748428523442,2,1
13.078998517964722,80.27377128467958,1,1
13.083327493820796,80.27363638215127,0,1
13.082625273444195,80.26151556678529,1,0
13.081733353837132,80.27472852566741,0,1
13.093827271201407,80.27384532734897,0,1
13.087024908554806,80.27848103182407,0,1
13.078695580228326,80.28424478047474,0,0
13.089589309735274,80.28063282514775,0,1
13.095610780985064,80.27365555654723,1,1
13.090162326302757,80.2694673704563,2,1
13.07740315017023,80.28786679901626,0,0
13.08257882963567,80.27529609217008,0,1
13.091334555745934,80.27506964645957,0,1
13.081461652671907,80.27487937456445,0,1
13.087219097140732,80.27599042380385,0,1
13.088873170267147,80.27427819794039,0,1
13.080365347642111,80.2721316899656,1,1
13.084702373219692,80.2722657052938,0,1
13.068793663299655,80.27483623364893,0,0
13.079878061793329,80.27228287614433,0,1
13.083737159243036,80.27143577108662,0,1
13.078761084090177,80.27553215113846,0,1
13.09316205651966,80.2737251139129,1,1
13.077849293110198,80.28251996494292,0,0
13.082799777566516,80.26174515095803,1,1
13.08565370288643,80.28045753425961,0,1
13.092206366445332,80.28123042596249,0,1
13.077820689244104,80.26463304883796,0,0
13.090815818760776,80.27328656202961,1,1
13.0850511653051,80.27314279567003,0,1
13.080092456744762,80.26796244152642,1,1
13.087310517371318,80.27111091656205,0,1
13.085995298477869,80.26944712077268,1,1
13.081998915614207,80.28376135221713,0,1
13.08534901042495,80.27967839196575,1,1
13.083073432015691,80.28135777547497,0,1
13.085567586726258,80.27860836032022,2,1
13.088310653372606,80.26935474114391,0,1
13.092930084080727,80.27237739866861,0,1
13.078810922505866,80.27744687280615,0,1
13.095665166873282,80.26888936095554,1,0
13.075239561002387,80.27856499215086,0,0
13.084241074524822,80.27379837300921,1,1
13.087941586032423,80.27312589596225,0,1
13.086404959338676,80.27855479984102,0,1
13.081886502400899,80.27722131655743,0,1
13.083959388748214,80.2731951691709,2,1
13.082534995326707,80.28079664901682,1,1
13.082053176215279,80.269594683362,2,1
13.089248010485106,80.27807967803473,0,1
13.086785077429827,80.27796550628985,1,1
13.081535452023697,80.27345226780344,1,1
13.089497999377167,80.27663066511121,0,1
13.086536497604383,80.26874443211808,1,1
13.089064310594196,80.27962013509604,2,1
13.088148144209619,80.2740754893178,1,1
13.080855024945391,80.27238638489742,1,1
13.082199094799016,80.2802450461292,0,1
13.088736468025617,80.27147828154729,0,1
13.088051851327169,80.26795769351818,2,1
13.08489549203018,80.26721685413239,0,1
13.085586636916545,80.27803004975674,1,1
13.091388324478944,80.26859785323752,1,1
13.082042143055821,80.28377397090993,1,1
13.087735486905851,80.26459035296058,2,0
13.083989036737831,80.28348228184146,0,1
13.083911593983865,80.27605508733602,0,1
13.090493884259937,80.27451643444066,0,1
13.089127081744941,80.27227540456596,0,1
13.089067548180005,80.27699568057177,0,1
13.091527394035772,80.27481182648788,0,1
13.085105019208164,80.28051650941009,1,1
13.088409764856475,80.27557113824332,2,1
13.083448666217034,80.27575150880732,0,1
13.086620831762444,80.27318193893893,0,1
13.084349284728162,80.2747152718814,2,1
13.085484979824965,80.27653900884447,0,1
13.087975785127185,80.26644915803672,0,1
13.080908896583834,80.26825907288948,0,1
13.095461936378427,80.27871632047012,0,0
13.079969913092503,80.27585432719064,0,1
13.078929056936062,80.27408008331824,2,1
13.090790554367501,80.27509216966533,0,1
13.088958313469815,80.27673790852681,0,1
13.088120599085261,80.27230120159845,0,1
13.088141727546322,80.27110847637299,0,1
13.084938766135766,80.2759792262755,1,1
13.080513728142572,80.27010813611193,1,1
13.085379022790969,80.27704126377857,1,1
13.08161419144244,80.26648708197882,0,1
13.08987559866709,80.28014577818664,2,1
13.084264713092491,80.27736298741208,1,1
13.080872514016038,80.27628014867157,1,1
13.083393070791736,80.27991345491974,0,1
13.087064657271378,80.28332737222232,0,1
13.082181377235981,80.2800718503251,0,1
13.080888898022168,80.26579562884335,1,0
13.086218436057461,80.26860211516633,0,1
13.086224832855544,80.27187590711152,0,1
13.082465284123145,80.27513045525106,1,1
13.08264480847191,80.27758829510235,1,1
13.086160249686788,80.27137128093423,2,1
13.077759578292515,80.27593383382239,0,1
13.077962681128119,80.27122308533824,1,1
13.08140777889374,80.27194241098505,0,1
13.083932764241442,80.26796669451576,0,1
13.086554537827991,80.27038383376946,0,1
13.092376781084749,80.26824157697192,0,0
13.089288298116012,80.27012063373512,0,1
13.084200307350184,80.28026820898305,1,1
13.084904918960488,80.27025300555584,0,1
13.079987353176811,80.28816191032419,1,0
13.084907434320039,80.27746658950441,0,1
13.0835567068054,80.27592418061847,0,1
13.086613592801692,80.2707082110991,0,1
13.08086384528224,80.27850154939705,0,1
13.087596732571207,80.27212181086881,0,1
13.092663694565013,80.27561004907324,0,1
13.084456199257717,80.28780042269135,0,0
13.087008558610496,80.27451970050139,0,1
13.088450719958557,80.28074636663143,0,1
13.082993897640572,80.27148411787438,2,1
13.086120462409053,80.27482505754752,0,1
13.08506296200391,80.28385400317818,1,1
13.085488380492745,80.27186516471107,1,1
13.081134951080724,80.28406224278999,2,1
13.085122550871295,80.27853875967729,1,1
13.087489991456229,80.27218766612053,0,1
13.092255718038976,80.27816203869529,1,1
13.089796354130426,80.27986277224814,1,1
13.09576591228756,80.27810904981109,0,0
13.08116326218556,80.26714887640055,0,1
13.089361603183605,80.27136431412089,0,1
13.085916710028693,80.27376240682224,1,1
13.09594901466609,80.2746278328545,1,1
13.080958508573225,80.27810336048776,0,1
13.080801390789096,80.27588850500467,0,1
13.08200303677278,80.26832327820645,0,1
13.074380521378451,80.27690098925504,0,1
13.082371224891597,80.27805292872642,2,1
13.081204336692233,80.27779895223966,0,1
13.085751968932382,80.28040390362779,0,1
13.086708779878887,80.27916961077275,0,1
13.09438085419608,80.27729590039615,1,1
13.089752119190932,80.27464917144272,0,1
13.082115481721688,80.26669519533243,1,1
13.080507926643259,80.27714809109567,0,1
13.087459595857533,80.27603843843582,0,1
13.078398833964897,80.27635789418598,0,1
13.094157293829273,80.26861625712091,0,1
13.090897200603607,80.26959471729796,0,1
13.082654121739477,80.28026576426667,2,1
13.076434327354546,80.27480222423073,1,1
13.091769361870828,80.27840750348687,2,1
13.084427300773738,80.27514159188065,0,1
13.091189081559868,80.27514878069748,2,1
13.07438283805976,80.24998010109859,0,1
13.059839552717825,80.21103744621806,0,0
13.065961207769409,80.2608837470478,0,0
13.06037724711295,80.23860410371844,0,1
13.060655037725676,80.25108182816737,1,1
13.061908278765314,80.22960094072874,0,1
13.067221337716337,80.24612773905062,0,1
13.060212513783364,80.22946584436826,1,1
13.077557561255734,80.23376231039303,0,1
13.056053926977805,80.25914031353867,0,0
13.063131283558386,80.23809317599236,0,1
13.060602689417257,80.24217432873179,1,1
13.079469778843537,80.24870067730689,1,1
13.066965547765115,80.24495681887971,0,1
13.075318445394686,80.24150418905143,0,1
13.05014439626963,80.24364961002466,0,0
13.067670502658691,80.26403415585237,1,1
13.073896307956234,80.23942381202966,0,1
13.065822839892753,80.24201099046715,0,1
13.075654803750654,80.25050654396007,0,1
13.059827115498996,80.25105525932958,0,1
13.079093474401855,80.2518703030556,0,1
13.087988981236192,80.24638730222028,1,0
13.061371614395602,80.2285699508727,0,1
13.060544974785993,80.256334315323,0,0
13.079533844771177,80.2285365460698,1,0
13.080795721457307,80.24302635465239,1,0
13.059771399728467,80.2324572414998,0,1
13.06079813182904,80.23935861653406,0,1
13.062182153911394,80.24328762410303,0,1
13.051555494889657,80.2432135721545,2,1
13.055813480535157,80.24421920754234,0,1
13.05495859233248,80.25613711269058,2,1
13.057322024348958,80.24453534301513,1,1
13.064653151126132,80.2375584336471,0,1
13.067342147325364,80.24964087168289,0,1
13.08050500492814,80.25189470488924,0,0
13.055016459592611,80.22772392184862,0,0
13.074843223984765,80.2459740006985,0,1
13.062860111557745,80.2470117274231,1,1
13.064505362903475,80.2370243649664,2,1
13.071748194921666,80.25375706813311,0,0
13.053772779784376,80.23849944412967,1,1
13.06882409746184,80.24125576453471,0,1
13.06666452208213,80.23826928175716,0,1
13.069924512640082,80.24015579047581,0,1
13.067891686439078,80.22903724913104,1,1
13.089553001399109,80.22559949117405,2,0
13.058622600157486,80.25594505063225,1,0
13.059690030449982,80.23153038651681,0,1
13.058768594735751,80.23008607650543,0,1
13.059445228808396,80.21846609886396,0,0
13.058626128726935,80.2336103825231,0,1
13.076890165311076,80.22676910206592,1,0
13.079205042479899,80.25642015160136,1,0
13.059292537062504,80.25009817089342,1,1
13.056676444268957,80.23311849654822,0,1
13.069714155563863,80.26252435805344,0,1
13.05947776955719,80.24981765486991,0,1
13.071329318177554,80.23675168616491,0,1
13.067029230208513,80.21500594285126,0,0
13.049842558850028,80.26290942572591,1,1
13.0804750520133,80.22610427533236,1,0
13.082958776730955,80.22354601253042,0,0
13.058872113095155,80.25022570432009,0,1
13.06112298440064,80.26439752406338,0,1
13.06785865390725,80.2538427281851,0,1
13.068344567899869,80.24563909120052,1,1
13.071585442726727,80.24594754341665,0,1
13.085102045387663,80.24853415558779,0,1
13.063230527725059,80.24758928589786,0,1
13.057017027554615,80.2428119142397,1,1
13.051206807719854,80.24104201103951,0,1
13.057690699600581,80.239374068721,0,1
13.064668730271261,80.23246035411132,0,1
13.082945578635178,80.23719324923132,1,1
13.059823887009637,80.22307043185805,2,1
13.067237879516389,80.23901660373205,0,1
13.064835771039272,80.23011408892849,1,1
13.07688393273448,80.22896410682783,2,0
13.090269324258736,80.24179894151153,2,0
13.059691312270797,80.25392002286344,1,1
13.060105605574817,80.24918316606002,1,1
13.07544160877069,80.22429499396377,0,0
13.071818914896262,80.2301037186343,1,1
13.08346707325736,80.24940771187988,0,0
13.070839281853258,80.23017512606461,1,1
13.06140707909213,80.23775366850002,0,1
13.070906548306922,80.24550052099023,1,1
13.076087035805829,80.23031655545135,1,1
13.073204821811974,80.24105375506146,0,1
13.070072740311073,80.22665974505081,1,1
13.075666746895891,80.23398632356049,0,1
13.076692955904456,80.24319781934142,1,1
13.078821589910374,80.22407006266468,0,0
13.071487098875895,80.2444047473796,0,1
13.063328819196832,80.23980362201073,2,1
13.066467136864333,80.24552489954417,0,1
13.077065089665084,80.24223914134065,1,1
13.056830643290127,80.25364140429973,0,0
13.068686733088729,80.24125224502647,0,1
13.061066611876726,80.23570594458874,0,1
13.065287448229348,80.24122297503031,0,1
13.077784518626073,80.24543298029036,0,1
13.0669109906802,80.24048860070326,0,1
13.065464365481562,80.24040591691204,0,1
13.0514014385902,80.23298008312193,0,0
13.072462535660271,80.23337099082448,2,1
13.071454841811411,80.225973947282,2,1
13.086632547233053,80.25749576743186,0,0
13.06192221765047,80.22756136764608,1,1
13.06719150327664,80.23307094802203,0,1
13.067493836837107,80.2328159273443,1,1
13.080774532797633,80.24894924376945,1,0
13.06404704467613,80.23705050321708,2,1
13.067790215257704,80.25247742072673,0,1
13.071078965097165,80.23326509375755,1,1
13.066866091231564,80.24278994162223,0,1
13.060535663854495,80.2316465294674,2,1
13.066940899928982,80.26145149127773,0,1
13.075736317498597,80.2281240158097,1,1
13.05473484700589,80.24309820710226,1,1
13.066329696741468,80.24633776880931,1,1
13.057998791850608,80.24413799097451,0,1
13.076950466289247,80.23814712341122,2,1
13.049768130952161,80.23870179300266,0,0
13.059410781527284,80.24043811471978,1,1
13.068772118750644,80.23852997998371,0,1
13.080655240292343,80.24963879116794,0,1
13.06434249738927,80.2621052300159,0,0
13.059448004733067,80.23442508214991,0,1
13.083811570694406,80.2263019702042,0,0
13.050519860995838,80.23911717951648,0,1
13.043011940433798,80.26579709337653,0,0
13.069400144500532,80.23196325432029,1,1
13.059979457756473,80.25639116805444,1,0
13.054787671828691,80.25677700814076,0,0
13.072083564472994,80.23446411758292,0,1
13.067438007137712,80.24568983079185,0,1
13.059359213692632,80.25628396623128,0,0
13.05219695601329,80.23620872259012,1,1
13.073724573282801,80.23796419639898,1,1
13.071502011779586,80.2341831908605,0,1
13.064008241362206,80.22985243269306,0,1
13.083466369960476,80.23350722454933,0,0
13.054299152336737,80.22776059733238,1,1
13.049744748290752,80.24034083468258,2,0
13.058080919301187,80.23230026768941,0,1
13.064544139836444,80.2423378591179,0,1
13.067433394493227,80.22444104353796,1,0
13.062587639421436,80.24330880232213,2,1
13.068520553965142,80.24833528961608,0,1
13.052484605758096,80.22006264357428,0,0
13.079437646040732,80.24374056569847,0,1
13.064178488216074,80.25227668992473,0,1
13.076172958315881,80.22790358981308,0,1
13.068427253463776,80.25672572386837,0,0
13.069567532191538,80.24419019009366,0,1
13.070697672802321,80.23294988144241,0,1
13.069477085600173,80.23944230922342,1,1
13.071427227598676,80.2455832691252,0,1
13.078291525301324,80.24076005391412,0,1
13.066965211697013,80.24538755992445,0,1
13.072090037575885,80.2307932640692,0,1
13.064102643057128,80.24169360824035,2,1
13.079401172154494,80.22586285503094,0,0
13.058236076979407,80.23888773938651,0,1
13.083009404329108,80.23096092358534,1,0
13.064598420493557,80.2326447005741,0,1
13.05069224897882,80.2523609317521,2,0
13.066281044149108,80.25091310120594,0,1
13.05818948342525,80.24609138120907,0,1
13.073406435489886,80.22907687235328,0,1
13.058473760206976,80.23683591550305,0,1
13.060538165667852,80.25213097699978,1,1
13.046104592690543,80.2414171691364,1,1
13.06047693680751,80.26319329539982,0,0
13.040761206733709,80.24393317839395,0,0
13.049160971765142,80.24192049116489,1,0
13.072604146561442,80.23690883535797,2,1
13.072858001586507,80.24133540904782,0,1
13.06925457561785,80.23847530163619,0,1
13.055330238568708,80.24708108676688,0,1
13.06452288643858,80.24956702316794,1,1
13.064963974609094,80.23214010539492,0,1
13.053416353108075,80.22668767046441,0,0
13.080033983017671,80.22163794626896,1,1
13.073773622905756,80.24507991326912,0,1
13.062790358261703,80.22896633393826,0,1
13.065268858389945,80.21847109407047,0,0
13.067083828079475,80.24388578604531,0,1
13.044582651315757,80.26492999517433,0,0
13.062528226174793,80.23993929088459,0,1
13.058180157520022,80.24838490774451,0,1
13.05498379990105,80.24081829358548,0,1
13.06218899707114,80.23901110346809,1,1
13.082976865268495,80.24919076482988,1,0
13.071408428612669,80.23709725455811,0,1
13.05928821010217,80.24267392314071,0,1
13.070725827813561,80.24321697806195,0,1
13.078993554365859,80.23331909546357,0,0
13.074246336829127,80.24992042349535,0,1
13.065596303699202,80.23825040243304,1,1
13.058530632222944,80.23244254840506,0,1
13.071982233136135,80.2453650984357,0,1
13.068934853854216,80.23101532018208,0,1
13.073951932200277,80.24028181157368,1,1
13.07135171801682,80.23990881003355,0,1
13.075495527153192,80.25085895565832,1,0
13.059647647884393,80.24474698232879,0,1
13.078173940656344,80.23974973041254,1,1
13.066975996046924,80.24817766299199,1,1
13.085752608726253,80.25390207549017,0,1
13.058108121819103,80.24557810306351,0,1
13.082359638031653,80.24010352619842,0,0
13.066979107834626,80.2268816376765,0,1
13.058485819963854,80.22934886336924,1,1
13.060161141659457,80.23694775295645,1,1
13.061796526918057,80.2339048779784,1,1
13.06924165946402,80.23813028697015,1,1
13.070228354880355,80.24056649924897,0,1
13.059262999960614,80.24529692754356,0,1
13.06475645407739,80.2392950122194,1,1
13.086422703586118,80.24486501643825,0,1
13.082275431701007,80.2406447441481,1,0
13.06936323669674,80.22024533433645,0,0
13.06538003478168,80.2306066460618,0,1
13.066200313267181,80.23855912444277,2,1
13.071135179727303,80.22790305257158,0,1
13.054772074348016,80.24599928729995,2,1
13.062426234625766,80.25530750832343,2,1
13.048314159261224,80.25218761851697,1,0
13.068992231226053,80.2378655712907,1,1
13.071471959397027,80.2549072613685,0,0
13.060168135377006,80.24148667457202,1,1
13.0807398676329,80.23662914028881,0,1
13.052742343369976,80.23386597336459,0,1
13.0503562511979,80.23697530313511,1,1
13.0672445181856,80.23611823181459,0,1
13.07547098302612,80.24170416222375,0,1
13.081839276914579,80.2416057398105,0,1
13.06041115737131,80.24003046020152,0,1
13.075786808334312,80.24436938169745,1,1
13.064614915304993,80.25190646274785,0,1
13.063273727000592,80.2494955413544,2,1
13.073836599374866,80.2251510203155,1,0
13.071523228784134,80.21446078865098,1,1
13.049236078430157,80.24934319911239,0,0
13.079765403497259,80.22633121301584,1,0
13.078800913541475,80.23775234598106,0,1
13.058744372984904,80.2282988697394,1,1
13.068958035334374,80.2219801956242,0,0
13.069940301862827,80.24541462728205,1,1
13.067606737658238,80.24759155160302,2,1
13.059496948461545,80.23423489599273,0,1
13.058283766320619,80.21408957707854,0,0
13.064744459290084,80.23453755551748,1,1
13.076727290192594,80.24391804005403,0,1
13.070436001545945,80.22521088431225,1,1
13.06129385667914,80.24183359919779,0,1
13.072716987106483,80.23984690150826,0,1
13.0365145737937,80.245792914996,2,1
13.076487657003721,80.24119580368414,1,1
13.04760286221222,80.23026931059118,1,1
13.061375590585968,80.25196571501664,0,1
13.053803301053739,80.23841470426973,1,1
13.05205318524279,80.23972695460489,0,1
13.076608267873784,80.23066732040927,1,1
13.060322987986881,80.23556717748808,1,1
13.068465038817306,80.23115197285972,0,1
13.064530794211208,80.23827053940076,0,1
13.06977040827223,80.25711708480142,0,0
13.065768218910602,80.22628098857068,1,1
13.052170077758113,80.22386438602123,0,1
13.074962668194472,80.25471170327494,1,1
13.060062434168387,80.23790676322848,0,1
13.049434181013401,80.2333092726134,1,1
13.06071884839034,80.25039904687395,1,1
13.080007597906343,80.23394384460262,0,0
13.073502217421135,80.25826009713546,0,0
13.061513478655922,80.24677925871339,0,1
13.061507422956815,80.23512088591853,1,1
13.061783649487825,80.26157308213266,1,1
13.085767479835608,80.23394285076996,0,0
13.068819354522315,80.2474209537201,1,1
13.06930041647191,80.24299292580406,0,1
13.075302834540318,80.25301741289398,0,0
13.067387891590265,80.25561511196726,2,0
13.062409578541793,80.24032004149065,0,1
13.06303650150915,80.23246582129653,0,1
13.064283987405858,80.24459972142938,0,1
13.0646277776349,80.23322284630247,0,1
13.07227629543637,80.26013387247527,0,0
13.065519458858072,80.24136535331083,0,1
13.072326400772155,80.23634678448687,1,1
13.064192834198913,80.24184680305865,0,1
13.06578635190316,80.2265287371047,0,1
13.045017993154678,80.23028385961489,0,0
13.074163276747024,80.25200413907945,0,0
13.06846488475898,80.23343105721028,1,1
13.099205591660562,80.15937038170553,2,1
13.02777933518012,80.20523391156418,0,0
13.026116400300113,80.29139529749114,1,0
13.01475934745701,80.16253792432438,0,1
13.0990454079552,80.31786769847119,0,1
13.114655899333261,80.15076398453172,0,0
13.03975696424875,80.19936477384039,0,0
13.003141744154638,80.29818081123041,0,1
13.012325750121464,80.21325402994586,1,0
13.145179005226755,80.17037847761321,0,0
13.044316716621614,80.22204678376009,2,1
13.11538347217572,80.20407865727691,0,1
13.09369953532814,80.3185423804321,0,0
13.057290945947935,80.21266958351703,1,0
13.030853089329334,80.3077864943552,0,0
13.018207962723912,80.32837442896215,0,0
13.092251945205831,80.23676348391531,1,0
13.116195067095669,80.33198862877087,2,0
13.09658563803117,80.22546361079264,1,1
13.079545319987375,80.34281568329801,1,0
13.006292683514745,80.16785790490512,1,1
13.145273316639157,80.28740385330065,2,1
13.119807128748187,80.24876280809139,0,0
13.043923305505144,80.22752976109113,0,0
13.146995549403828,80.27654237574971,0,1
13.090282238445448,80.29077141832687,0,1
13.087363398731087,80.15087265393007,1,0
13.11221097691443,80.18339061774944,1,0
13.121765468213521,80.29260921012686,0,1
13.098471791099726,80.28327708271564,0,1
13.01921436195493,80.34320950102573,1,1
13.050740125899175,80.30220755805016,0,0
13.139212546048908,80.34015454154627,1,0
13.033692341776577,80.29050810030697,0,0
13.055825053575628,80.20961044172789,0,0
13.06481153244163,80.17107298445018,0,0
13.065910748454169,80.30636477266899,0,0
13.09194093737418,80.27882984429519,1,1
13.141461375661706,80.15963720247866,2,0
13.036103906774876,80.2220100931802,1,0
13.018225206445138,80.34135996309685,0,0
13.02962057347899,80.25008022914204,0,0
13.133038735031391,80.23654582720394,1,1
13.09687162189828,80.24153992103186,1,0
13.042886018385873,80.19177654480103,0,0
13.122392040845293,80.22374143417296,0,0
13.129205499454516,80.22396265119744,1,0
13.126977150803542,80.1604710040375,0,1
13.137838980045933,80.30351352570358,0,0
13.037836153026005,80.23330088638077,0,0
13.113256289311941,80.31443597736327,0,0
13.069080924591121,80.32006960022397,1,1
13.12629978293351,80.19239881093974,2,1
13.109273601574243,80.28147069643403,0,0
13.11646711697496,80.2444563608326,0,0
13.09842427565216,80.32603134758429,0,0
13.026614315420456,80.1931481358353,0,0
13.081754037834541,80.28556264006201,0,0
13.147700460928677,80.27155042445054,1,0
13.140608209974568,80.20906029551436,0,1
13.006476060369552,80.17732018073023,0,0
13.024722222359415,80.28032795209545,0,0
13.019759316018185,80.29771949162647,0,0
13.108896986497795,80.21312546875268,0,0
13.122667799478542,80.27896652080446,0,0
13.0320267049466,80.2290261815223,2,0
13.075877903942775,80.29264137665652,0,0
13.12610545420168,80.18984305497881,0,1
13.109920231714938,80.32804300052723,1,1
13.081335580823778,80.20748191929312,2,1
13.088552153568816,80.22355719755123,0,0
13.076254082037442,80.16161839041608,1,0
13.044632267697823,80.17230244246426,0,0
13.084753298928852,80.25317238054247,0,0
13.103332795307514,80.2035185353456,0,0
13.130998437379121,80.31709604514843,1,0
13.095443703096887,80.152938677731,1,0
13.114168230556475,80.22581880973439,0,1
13.024010745243187,80.21746910935381,0,1
13.069233621162969,80.15386552618352,1,1
13.001399742974064,80.1748736798001,0,0
13.037001829678244,80.23272853498372,0,1
13.108969257266951,80.24857291688949,1,0
13.148771492702405,80.23085794945098,1,0
13.014876714938083,80.25618753568241,1,0
13.060224147379193,80.26902633498113,1,0
13.120010645304875,80.15198476422557,0,0
13.030605345194335,80.2428190318907,1,0
13.083262742395343,80.34269984817752,1,0
13.109960694404451,80.25380645602591,0,0
13.092397817539027,80.28550845349179,0,0
13.028203710192312,80.21237277158338,0,0
13.053307685302862,80.30479827563055,0,1
13.11756876767281,80.30458429637522,1,0
13.083133977119802,80.25425920953083,1,1
13.000784442031437,80.34520276465584,0,0
13.114148614004215,80.17511004295254,0,0
13.005296703241036,80.15338953297793,2,0
13.111860067409685,80.30403164235142,0,0
13.030372084024785,80.31143110747297,0,0
13.143711022017907,80.17404144582412,0,0
13.055191112695313,80.20311656659172,0,0
13.049039742450711,80.15351047267333,0,0
13.022333207549867,80.20866172215611,0,0
13.045840632323532,80.30462837478373,0,1
13.131497614274231,80.25359210554251,0,0
13.149450150644087,80.21961911863366,0,1
13.055246429576027,80.22434785898126,0,0
13.067291594643182,80.1502707251431,1,1
13.10831064073041,80.20996010551305,1,1
13.132929367069762,80.27929174832758,0,1
13.088956650128019,80.34483888876326,0,0
13.058728854726674,80.31941216539677,1,1
13.061893276127293,80.1547189929291,0,0
13.104342721974522,80.32971212093496,0,0
13.000482739540642,80.30663968265972,1,0
13.092938400618976,80.30607522471419,1,1
13.053323951566204,80.24159915180071,1,1
13.119129599691563,80.2296010585909,0,0
13.01394859597347,80.21058314576663,1,0
13.088230340042259,80.16313897179087,0,0
13.072145933482918,80.19564707269875,1,0
13.096348828885784,80.19932072699561,0,1
13.009728039172446,80.24681541394204,0,1
13.08699756811422,80.29948888131933,1,0
13.084222688193929,80.24476196567959,0,0
13.084099014162426,80.16156888988944,0,0
13.090523149989469,80.34155796019763,2,1
13.101470190583955,80.33854486381881,0,0
13.120748349952116,80.30703790862968,0,0
13.040473108019233,80.34826558031284,0,1
13.12375741152701,80.25889646656005,1,0
13.074738352339518,80.34255367005063,1,0
13.01155874187015,80.16512100812335,0,0
13.008782639386597,80.22313614965228,1,0
13.05013574780441,80.19507625360136,0,0
13.117734546566721,80.18916661682685,1,0
13.106152140211137,80.17816058977854,0,0
13.11829224470086,80.2744827283132,0,0
13.077590358466242,80.30626437114945,2,0
13.066029849693324,80.26565967988407,0,0
13.022117879005943,80.17939254191765,0,0
13.049228913041397,80.3122247539867,0,0
13.065102904926082,80.27719094143275,2,0
13.013290064451942,80.2276331412254,0,0
13.033091792906681,80.28482605910722,0,0
13.089733794109561,80.20198099584857,0,1
13.11034946713588,80.21903844169884,0,0
13.149752126708943,80.3334971686264,0,0
13.139966999701533,80.20810090113429,1,0
13.096384779930279,80.24399765363158,2,1
13.063187207994112,80.3280282274792,0,0
13.095426604706235,80.2915442700535,0,0
13.117847742712035,80.16244064523295,0,1
13.017750428638507,80.17946060885579,0,0
13.061485733454443,80.15156831815439,1,0
13.125970342845342,80.27618435804582,0,0
13.057574942789957,80.23953468508208,0,1
13.085780840684079,80.17685497018046,1,1
13.08816540412933,80.34158682421135,0,0
13.027671437970046,80.25593194478913,1,0
13.054335316247844,80.19837865882258,0,0
13.05017669331129,80.25012071423095,1,0
13.00392950627981,80.28592406654703,2,1
13.003628764583704,80.16524784359471,1,1
13.124754556551366,80.20494076300957,2,1
13.040960621495922,80.3113930981768,0,0
13.077711814935823,80.24193297408053,0,1
13.044808836038316,80.25931542840645,1,1
13.141101886767302,80.23656320044189,0,0
13.038894513829867,80.15877998852861,0,1
13.06444852191084,80.18314995596404,0,0
13.130909537572691,80.23910832774838,0,0
13.126290035018771,80.19183709308159,0,0
13.027915212676941,80.15999580573194,0,1
13.120396496469358,80.31872993281036,1,0
13.068728033010684,80.34623850583282,0,0
13.072445330812803,80.30862857479934,0,0
13.020021995862392,80.32075698434093,0,0
13.012090227063569,80.19839542606341,0,0
13.109190896046066,80.34212539510264,1,1
13.074469172853295,80.18938514089069,0,0
13.065527605392276,80.34028596207236,0,0
13.10942623429786,80.34896385879318,1,0
13.114826934848667,80.2923445611492,0,0
13.023836225150403,80.34622874635836,0,0
13.091533772421647,80.26390795591342,0,0
13.020303112341653,80.20190835663522,2,1
13.112706262904357,80.23739917713313,0,0
13.098543273440072,80.26871218707575,0,1
13.143492193162519,80.16461631240541,0,0
13.010343702453463,80.27446865292345,0,0
13.008558208172689,80.34623556735245,0,0
13.04232806120398,80.18802152995674,0,0
13.039255852560386,80.30851902325767,0,1
13.0370468198608,80.33157975875592,2,0
13.135938187078155,80.33874031856404,1,1
13.037431929977426,80.34202712088108,0,0
13.040792458919295,80.25429192774429,1,1
13.113909739362695,80.3454615815983,0,0
13.067460976367581,80.30146204142689,0,0
13.116506583543277,80.1823342872474,1,1
13.009804923634658,80.2453800212936,1,1
13.073135679051008,80.2936662350744,1,1
13.005042040027492,80.19946806316382,0,0
13.009397980518303,80.27812303670977,2,1
13.135965618001663,80.28332009580932,0,0
13.02088680566764,80.18253994876171,1,1
13.079863102341283,80.26301706249055,2,0
13.061664340390106,80.30432538219571,0,1
13.052101498938827,80.2497791329072,1,1
13.13497500185309,80.15242062335523,0,0
13.003273509516323,80.15180769381587,0,1
13.099568452926338,80.22140586879401,0,0
13.144509165132034,80.33523881368635,0,0
13.084025227519277,80.19573535592072,2,1
13.140523369304963,80.27687273777434,1,1
13.007838681892904,80.19441517413867,0,0
13.062818997861124,80.21433399793192,1,0
13.039023668644308,80.31960841792029,2,0
13.10962314474711,80.29577228845399,0,0
13.147194563574587,80.16907985546264,2,1
13.038479509366637,80.23574040419729,0,0
13.09812619022111,80.15583395272905,1,1
13.02971464491396,80.2461780293206,0,0
13.084799538185742,80.28248680234022,0,1
13.06958987300325,80.17370052471964,0,1
13.14580079944473,80.20777698778184,1,0
13.09127909090447,80.22956732510043,0,0
13.052425955813023,80.33390620493121,0,0
13.01711436773319,80.34865100308458,0,0
13.02268702431024,80.15898225979913,2,0
13.033797539492685,80.30220158469908,0,0
13.037644999201044,80.22434481328047,0,0
13.12759240867617,80.2284916372459,0,0
13.084183418242379,80.3008529946694,0,1
13.078508636706156,80.33368528642907,1,0
13.017215330780383,80.3401857189005,1,0
13.129020954002415,80.26542451720766,0,0
13.108422145481272,80.2214242318601,0,0
13.010150254285,80.30750981717175,1,1
13.106175264584465,80.20020027665247,0,0
13.081530732601397,80.26281480576671,1,1
13.012258801862016,80.22171569230498,1,0
13.068745096229298,80.28132621474157,1,1
13.072704443069508,80.1980797825787,0,1
13.02486618102449,80.18831858914697,0,0
13.141854722050043,80.33364781733508,2,1
13.127496305722099,80.17036073658991,0,0
13.100353350599367,80.25119158154699,1,1
13.069344334150092,80.19417055659261,0,0
13.061764831237676,80.15778599266514,1,1
13.097646020072643,80.15720376365829,0,1
13.081814780411037,80.18504435442117,0,0
13.009340965882283,80.32335407090119,0,0
13.07687539731555,80.2064957487954,1,1
13.120960542584927,80.34009183411506,1,1
13.068885981639545,80.26632445859784,0,1
13.00779348663314,80.23732283795376,0,1
13.117941729907605,80.26601776693389,1,0
13.030204567320396,80.25333967704525,0,1
13.038793125233205,80.30175525075146,0,0
13.024705953014845,80.20649921319458,0,0
13.049532259730725,80.22061007832006,0,0
13.113512725853296,80.32881886050664,0,0
13.077907878925592,80.33929130263007,0,0
13.030732191122606,80.32851164549729,0,0
13.131674511722807,80.23388959879146,0,0
13.131937278242729,80.30607310060137,0,0
13.1305867637569,80.24526714666023,0,0
13.035819431707232,80.24950797042922,0,0
13.067685901627149,80.19093602181147,1,1
13.147748448421131,80.2682260606517,0,0
13.115801871446498,80.18722717955067,0,0
13.004075113183834,80.21631293981343,0,0
13.009780688689073,80.32100604032398,0,1
13.06958970652185,80.19141516184217,0,0
13.136383030879234,80.16423165703469,0,0
13.080805269692908,80.16380151852256,1,0
13.074671876205144,80.33815690410061,0,0
13.015821054993495,80.25138408759237,2,0
13.098517015708644,80.23188241436341,0,0
13.123315474090035,80.31217571620158,0,0
13.057063001126135,80.3171651855821,0,0
13.1163417776388,80.21643820662312,0,0
13.144671498085122,80.28872361149476,0,0
13.030564968869154,80.30422456317038,1,1
13.078499444679212,80.28093013737319,0,1
13.043070693712686,80.18031901496002,2,1
13.118928162855076,80.3251766167034,1,1
13.086639004882175,80.2578189105472,0,1
13.095187362632545,80.206494485274,0,0
13.119687123942384,80.23504563708754,0,0
13.059395570899369,80.15751421807978,0,0
13.137263510261057,80.17557336024448,0,1
13.07995433008692,80.30310935010317,0,0
13.023693223425303,80.15000232695108,0,0
13.10438486772532,80.23331316569646,0,0
13.11898920256574,80.25450203621712,2,1
13.047514251560129,80.1609268840002,1,1
13.128576888549814,80.34461563259445,2,1
13.135921488214866,80.19522506624993,0,0
13.041535673106672,80.21083974392725,0,0
13.147528220907283,80.21078850245101,0,0
13.021106729207315,80.19608333242347,0,1
13.030302350260374,80.15029476441727,0,0
13.027633725885703,80.2958689588176,1,0
13.134098456501182,80.34336909995986,1,0
13.098143882848744,80.19485869665701,0,0
13.02281564248334,80.28260943836068,0,0
13.066048512755252,80.29837926539174,0,1
13.092294703760471,80.3196850758181,0,0
13.012519612748408,80.23452583940272,0,0
13.1323624552611,80.2105861811281,0,0
13.12054053031623,80.21505902680461,0,0
13.075781016036496,80.2925242666197,2,0
13.145068992288875,80.31335589330112,0,0
13.062664146891265,80.18632279355133,1,1
13.147616547855476,80.22418820163155,0,0
13.100187999820545,80.33038803934983,0,0
13.095200690988092,80.31133870393894,0,0
13.024893234294368,80.34697168055249,0,0
13.132289163745696,80.30084965193642,0,0
13.064123453188092,80.22863904020558,1,1
13.024335010867372,80.26812756679892,1,1
13.001891127996364,80.28220285084946,0,0
13.083963352545757,80.16569116326343,0,0
13.079109943318402,80.25889939182078,2,1
13.107903043355375,80.29186416569452,0,0
13.13353870795267,80.18346426080022,0,0
13.011910987696455,80.3061263434851,0,1
13.109724473551054,80.26675455610282,1,1
13.028111791614638,80.34044435713952,2,0
13.128726557973575,80.15848445964139,0,0
13.122859527079248,80.20306522751109,1,0
13.081119063247831,80.27031077585997,1,1
13.106536419793496,80.20931198244119,0,0
13.047152516977562,80.29288483281425,0,1
13.070675184839923,80.30180105650439,0,0
13.12324553465657,80.1705031928133,2,1
13.068889779575983,80.25277089284135,0,1
13.053669739798817,80.25177811111821,1,1
13.074131867087544,80.2238561540431,0,0
13.124237387865582,80.33658497251393,1,1
13.05028120710563,80.31550126397464,0,0
13.026064238970362,80.28944187638193,0,0
13.106802103049617,80.292865327147,1,0
13.123896731906212,80.24234322876262,1,1
13.01509562177853,80.3341989042193,1,1
13.035981116913392,80.28891908545066,0,0
13.021295798464148,80.29579621233115,1,1
13.052191211737325,80.32233818075747,0,0
13.067552646835813,80.20481431786844,0,0
13.112323950544496,80.31141418077334,0,1
13.097672137732252,80.1890481205913,0,1
13.093139285121765,80.21906839044898,0,0
13.052856241991448,80.21712209085398,2,0
13.126217132962715,80.34570509367782,0,0
13.070693075109725,80.32130744474958,1,0
13.146865740702273,80.29023397231805,0,0
13.095121320744362,80.29541135232307,0,0
13.018939711234676,80.26241455888051,0,0
13.101426634311315,80.3394181334217,2,0
13.048765602314756,80.24925175057648,1,1
13.102949079502915,80.22610354197398,2,1
13.010446172224361,80.18260706738633,2,0
13.026232215576394,80.30724113045221,0,1
13.128360588835868,80.29688878641511,0,1
13.034076933553527,80.22687100770483,1,0
13.125556168786442,80.15503868279185,0,0
13.041891413268162,80.3177994655436,0,0
13.096432286508806,80.15228359669082,0,0
13.104122586026476,80.2907399559258,0,1
13.076898212971757,80.34405142194521,0,0
13.04579660150451,80.23753226562964,0,0
13.031896656455665,80.1969946809992,0,0
13.004978403184364,80.29097420200867,0,0
13.045591960186108,80.31342562840311,0,0
13.097974418579692,80.25928606321557,0,0
13.140745722767273,80.34340705505123,1,1
13.130680672339459,80.1603337443316,0,0
13.114909716480296,80.2509591196609,0,1
13.118267101487994,80.2936907894645,1,0
13.0997477355214,80.32252809422984,0,0
13.0390430286349,80.18585112238156,0,0
13.136079254605875,80.31000069635273,1,0
13.100609846785876,80.2605414151437,0,0
13.084066094647067,80.22931073639799,1,1
13.016648420382023,80.17634300571582,1,0
13.067058331570964,80.32305915178178,1,0
13.069053740680289,80.18145464163595,0,0
13.1296845414284,80.21195757184182,0,1
13.081997233028169,80.2080091063925,0,0
13.057060082345561,80.32428280683817,0,0
13.1465200492766,80.28454059884177,0,0
13.016608088998947,80.30933627943827,0,0
13.063382264246792,80.2000935797585,0,0
13.00630370127571,80.2749748199214,0,0
13.11098561811504,80.26434919662874,0,1
13.137711482829873,80.31656607535766,0,0
13.042005599432574,80.33121741209625,1,1
13.12875125151987,80.15243135429549,0,0
13.043832734569285,80.28480398381176,0,0
13.136615524246588,80.16036715982395,2,1
13.113094285539518,80.25977173301547,0,1
13.120736016526216,80.20752654580873,0,0
13.002700983340068,80.21135531990443,0,0
13.144421553561104,80.22059170069048,1,1
13.109000648810548,80.27425848980992,0,1
13.04571266430792,80.21680999313375,0,1
13.124409199728827,80.29653981011805,0,0
13.04222817976224,80.23090547711477,1,1
13.13091307593492,80.163670640062,0,0
13.01688705856179,80.30675196849681,0,0
13.10555289661912,80.20715166491854,1,0
13.081104771496737,80.23655337591985,0,0
13.014480170529316,80.28708877664438,1,1
13.036284074238825,80.21649123142974,0,0
13.001860605441598,80.16131713122935,1,0
13.070315194819676,80.22478420940256,0,1
13.045189789114,80.33888971653886,1,0
13.089753622644665,80.2783468794597,2,1
13.044585671156293,80.28429582973344,0,0
13.044987866726048,80.27645643072752,0,0
13.11147897980974,80.18979842779189,0,0
13.007221425396754,80.23366677282046,0,1
13.135434249278799,80.30018795967266,0,0
13.127839581158678,80.17027457951063,0,1
13.100170702483961,80.20557055521795,0,0
13.088983235516109,80.20526382169318,0,0
13.133845374720948,80.2364037855189,0,0
13.027799526929307,80.34607374818843,1,1
13.011845374328624,80.16350050933677,0,0
13.035926525486431,80.25374019887612,0,0
13.119186741805029,80.18587293640245,0,0
13.005200540008973,80.34413530908195,0,0
13.087421025262524,80.1726607009455,0,0
13.149315627428697,80.23072020047232,0,1
13.12835441407563,80.29757699696692,0,0
13.078216853356539,80.29091088560548,1,0
13.009546136392997,80.23454572737879,0,0
13.124706027157856,80.21930483359054,1,1
13.089846776226581,80.22952247571058,1,0
13.017239949558935,80.20285525263174,1,0
13.014078592723504,80.19106658774136,2,1
13.136444022915489,80.24660793951178,0,0
13.100380039440711,80.20370675121353,0,0
13.124393019897514,80.20749233297946,1,0
13.13184683504234,80.28135121269491,0,0
13.08576585280725,80.34370746633998,0,0
13.077616952763256,80.27072744011187,1,1
13.06456411154815,80.16539589341299,1,0
13.047541988168668,80.16511672277082,2,1
13.065189394128806,80.3402846441691,2,0
13.116081948359524,80.20945815806147,1,0
13.09028851465227,80.1684133972165,0,0
13.133878493493228,80.26980891743007,1,1
13.066507002156879,80.27472975565806,0,0
13.091063436807813,80.27970096402373,0,1
13.094696132963799,80.20348040557151,1,0
13.088754574345948,80.1530221368429,0,0
13.105395065962828,80.34300307389088,0,0
13.035615020256222,80.20017860913822,0,0
13.07685456663187,80.28520525761051,1,0
13.015633720421253,80.29132597397575,0,0
13.057676699146722,80.27200148341589,1,0
13.07315006029319,80.21258147884274,0,0
13.09783363893182,80.20421925075281,1,1
13.14257965788793,80.26953365654055,1,1
13.090097659982254,80.32321912672234,0,0
13.111539087426484,80.33934674578468,0,0
13.07593990892428,80.17118116088075,0,1
13.09511560470645,80.18096572251955,2,0
13.010639832420066,80.33894725175661,1,0
13.038158737126277,80.29730704566695,2,0
13.054277963980772,80.32659876496595,0,1
13.070874003250978,80.19052652682707,1,0
13.006847311825357,80.26751717422188,1,1
13.021003614632997,80.29022791888349,1,0
13.041522146168695,80.2860223770894,2,0
13.145729903635157,80.23163033817335,0,0
13.049702051065458,80.15307897833827,0,0
13.072306158716813,80.26658521136085,1,0
13.02941465691076,80.20062030783592,1,0
13.091617010661366,80.24005084922858,0,1
13.042102482327396,80.34151620301675,0,0
13.031048886765763,80.22980706352848,0,0
13.077485894266896,80.31796032133288,0,0
13.000825869874063,80.18770812114985,0,0
13.001149604897384,80.284492099605,1,0
13.032860321365279,80.34540139088779,1,0
13.005508204375124,80.17037862017459,0,0
13.016203863119603,80.15166398844545,0,0
13.050829097400813,80.23671655852652,0,1
13.120387851936972,80.16852509661028,0,0
13.085807296505395,80.29967686993524,1,1
13.076900158893462,80.3329097327697,2,0
13.044023323481218,80.23680419454175,0,0
13.139763057914923,80.2017423284311,1,1
13.05955225618558,80.23688066380133,1,1
13.013063915019366,80.29468956357,1,0
13.09255997741767,80.15181083231607,0,0
13.01707575902149,80.26789079789694,2,1
13.051783471420254,80.27265833697747,0,1
13.076111790807671,80.27753764937918,0,1
13.131133378702776,80.19840441599618,0,0
13.074031987051018,80.29281054467562,0,0
13.10533881490475,80.16827829726635,0,0
13.14892252584986,80.18985406729337,0,0
13.019723367984698,80.3254940093309,0,0
13.041209728827928,80.29774463014532,1,0
13.059186411339647,80.15274911080228,1,0
13.063274226780825,80.19967525207396,0,0
13.061653161289833,80.19288129659864,1,1
13.136141650383484,80.2041612656074,1,0
13.107104896670029,80.19951195405598,1,0
13.091185782113605,80.16250525914857,0,0
13.046405907679418,80.24178810331937,1,1
13.123568557633195,80.29654669495723,2,1
13.14325907672275,80.27134634494348,1,0
13.123179742382534,80.28457433371962,0,0
13.000234765778721,80.16622983570726,0,1
13.09546020552751,80.34029814203535,1,0
13.007670307216316,80.3176983667686,0,0
13.038641083050058,80.31101806369912,0,0
13.008928705052165,80.31459676100835,0,0
13.090569317942409,80.33654210162655,1,0
13.102988487023891,80.25885079322273,1,1
13.017173145709886,80.19005640357352,0,0
13.057575832456747,80.27335672157051,2,0
13.068435476343332,80.29857629873358,0,0
13.055357953264137,80.2975834786708,1,0
13.018153750072779,80.25428980483338,1,1
13.062842168528121,80.16369174386672,1,1
13.112676707171262,80.22422258768603,2,1
13.010651149679989,80.33415332169267,0,0
13.012027002112285,80.26688978195149,1,1
13.053215693775398,80.25766638865115,0,1
13.141258856742839,80.20377070287644,1,1
13.100285897008437,80.22368978398332,1,1
13.101800493500885,80.32906921783064,1,0
13.05428799862568,80.28329260950537,0,1
13.089049118681281,80.30747740535047,1,0
13.001519677604161,80.24086908461354,0,1
13.095414406961432,80.27604944389122,0,0
13.136993042136435,80.19967672174865,1,1
13.091886020251723,80.2910921660567,0,0
13.131054789019952,80.23552026674066,1,0
13.108595958319915,80.23850910296295,0,0
13.018083762460554,80.27986446491538,0,1
13.135367996092876,80.33725612429377,1,1
13.009966576653365,80.16280126932173,0,0
13.080095120882165,80.3149486474694,0,0
13.021320568569019,80.20847662208244,1,1
13.001755991609636,80.23878389090127,0,0
13.063305139019146,80.15438266575501,1,0
13.044256106148124,80.21020921556686,0,0
13.07290007406964,80.25052624852603,1,1
13.086579983010182,80.16123521546949,1,0
13.006560860846342,80.24821914587663,1,0
13.018450494268562,80.33542212577169,0,0
13.083796359467565,80.17107864362157,1,0
13.0514751029759,80.3028881456151,1,0
13.109376023132418,80.2319342106752,1,0
13.097843747288792,80.28103474290486,0,0
13.126840654448486,80.20204731959704,1,0
13.103873924000384,80.18189845250828,1,1
13.064489661608523,80.18209252285425,0,0
13.100944993359166,80.16409838912864,0,0
13.041307176138313,80.18712934098025,1,1
13.045947024816732,80.28284387699779,0,1
13.11834777398812,80.3263381223687,2,0
13.066962927460237,80.31282513711822,1,0
13.119757051077753,80.2870268619749,1,0
13.123363356050241,80.17208637268223,0,0
13.128634350649193,80.20783748925919,0,0
13.13749528537618,80.21196137506449,2,1
13.064647783076994,80.19999138927953,0,0
13.04783002274817,80.25300113194194,1,1
13.087329811989118,80.25711076297594,0,0
13.055675863515644,80.22137719503422,0,1
13.090161125020035,80.22075783174729,0,0
13.105837879396574,80.31571111958121,0,0
13.10326075277382,80.30785856966394,2,1
13.056182933053018,80.21155916633614,0,0
13.025029030254814,80.33275768877465,0,0
13.06457940076933,80.34056300340049,0,0
13.021389121612286,80.21534850840601,0,0
13.133514555277571,80.22088498975862,0,0
13.051881619110679,80.2511268306844,1,1
13.0231689620835,80.33822416250673,0,0
13.003817163985863,80.32526388662846,0,1
13.096873357942973,80.17051359251673,0,0
13.095535347618211,80.22854614865429,2,0
13.051090624987195,80.26067423794996,0,0
13.010756783327148,80.25062649451031,0,0
13.061444334234285,80.18877261358739,1,1
13.046682624259509,80.32176335423362,0,0
13.101568095960252,80.28538815659937,0,0
13.090866887417905,80.31758167497036,0,0
13.05468905922963,80.32175285586989,1,1
13.03268388313825,80.29967117073315,0,1
13.14820539492334,80.23784212024995,1,1
13.068100243179417,80.27210935100308,1,0
13.103241135367035,80.18207308122395,0,1
13.021082945136754,80.28472908349498,0,0
13.07283845494891,80.18585065114786,0,0
13.00413050798042,80.28878991810203,1,1
13.075818267686568,80.19591963215079,0,1
13.144602611067656,80.17351026003004,0,0
13.05763100694787,80.1830568980286,0,0
13.005849401886238,80.15039842704383,2,1
13.004643368637902,80.2937479235707,0,0
13.05819801399203,80.29648020981168,2,1
13.02400374046948,80.25298666998265,0,0
13.003502814449227,80.18227256021108,0,0
13.113432042092526,80.16671086750215,0,0
13.068778451332284,80.15382579328747,0,0
13.043386715795899,80.18314963539305,0,0
13.135012477452472,80.32817110699662,0,1
13.01742084403008,80.19830736834034,2,1
13.143387824343298,80.22085426544345,1,1
13.047095007606604,80.17106909689628,1,0
13.133260550846302,80.19447226094964,0,0
13.09044143147192,80.25384491415605,0,0
13.124006103961223,80.27155053661913,0,0
13.14760197448157,80.19907046283325,1,0
13.043260815672811,80.16154643184503,2,1
13.144170322811139,80.22820657382547,0,1
13.058422284235363,80.19684067418527,0,0
13.057826785710539,80.19391078464596,0,0
13.051058065638175,80.34197256054269,0,0
13.081211141102138,80.27326009718514,0,1
13.023121756476773,80.26137568863442,1,0
13.083056722803702,80.23315502070467,1,1
13.0812557218615,80.23578886668604,0,0
13.114285271890731,80.25818100076762,0,0
13.125047494290639,80.28928596140722,2,1
13.066066202546864,80.29042921923636,0,0
13.045349987402725,80.1843387815411,0,0
13.038900234597564,80.25002255041532,0,0
13.029193575505731,80.23239161900682,0,0
13.008647137329854,80.32410539325387,0,0
13.051367196825208,80.27628378424367,1,1
13.040537153819617,80.2565008132832,0,1
13.144962607879961,80.17307892843579,0,0
13.083656323937507,80.27112757786468,1,1
13.052091555854576,80.17344078113605,0,0
13.087070140149054,80.21744131511315,1,0
13.020879505201854,80.17856839296287,1,0
13.066606562380331,80.28841472940488,0,0
13.09393514821316,80.19125042276724,1,0
13.073334674768867,80.2283718746376,0,1
13.060266820098148,80.32913495552376,2,1
13.149077258334955,80.19086327667979,0,1
13.13204721432234,80.25156101279175,2,0
13.093510893723916,80.23385433223321,1,0
13.085406604177342,80.15362480820914,0,0
13.093099071973688,80.30855162271456,0,0
13.030196816173365,80.16380918126292,2,1
13.059270661489649,80.2448510041954,1,1
13.005918929933635,80.26213565898779,0,0
13.071331905623024,80.27568529132292,1,1
13.08145368759365,80.28772632586157,0,0
13.034162460415482,80.20065447670454,0,0
13.144604327074827,80.1519957553317,0,1
13.136418191640587,80.29468873247097,0,1
13.108321485318386,80.25713131986952,1,0
13.080007994314805,80.31722354064145,0,0
13.130495373947152,80.31427767258013,1,1
13.01959785157352,80.31866523355757,0,0
13.118576469141233,80.24701893199591,0,0
13.018723122095027,80.21672567916737,0,0
13.119131599382412,80.30831164051827,0,0
13.041365135237704,80.24025882260585,0,0
13.131563587152728,80.18668843928069,0,0
13.14160631407381,80.32099480391228,0,0
13.022319395410767,80.32651197535446,0,0
13.069401340759809,80.24326195122804,0,1
13.147148106724403,80.16513994546196,0,1
13.072511115395972,80.22756521798338,1,1
13.129532128377182,80.31070753189252,2,0
13.088309728319699,80.33035480570923,0,0
13.05629948618794,80.19069454849952,0,0
13.04286753332888,80.16339472240506,0,1
13.030483463662913,80.32547009062657,2,0
13.114269728706654,80.22788098779577,0,0
13.057981076023454,80.25835219285351,0,0
13.076691319330113,80.34361316241015,0,0
13.073848822000178,80.16331294558285,0,1
13.08659185438497,80.27966360149041,0,1
13.129836571843683,80.16482108451498,1,0
13.147110901537514,80.2250937856933,0,0
13.061137631286073,80.31076290903869,1,1
13.124127838315946,80.23669444655113,0,0
13.114679169198208,80.34943647078059,0,0
13.086029342718335,80.26181185698933,2,0
13.143407071541791,80.21423243052719,0,0
13.03007117732926,80.19402226518095,1,0
13.016389631546444,80.22010410685724,0,0
13.128094295043313,80.2245066547519,0,0
13.065872472495062,80.1637427355448,2,1
13.127045328131059,80.22391483988535,0,0
13.133963530779312,80.24284770394785,1,0
13.009368639042862,80.29454755044776,0,1
13.132519714447909,80.28134589694432,1,1
13.067247858305414,80.29175313104582,0,0
13.076564873350636,80.15167273637537,0,0
13.093988876663982,80.19353347991611,1,0
13.138957391009514,80.28233685767997,2,0
13.002867414164465,80.24679787363596,2,0
13.071526520247673,80.15106269513367,1,1
13.103158306364584,80.31089892848637,1,1
13.108406043654735,80.30456191465807,0,0
13.103879864730567,80.25968383259871,0,0
13.020165269411219,80.16329266515525,0,0
13.044909338255753,80.30330300990651,0,0
13.053807328812551,80.26674271754626,0,1
13.120665581151925,80.30639199543158,0,0
13.041813980862184,80.30034939847917,0,1
13.03160574458008,80.31060041439156,1,0
13.143617202855715,80.25360161328092,0,0
13.00132949276702,80.17806490363871,0,0
13.149673128352298,80.28423149467594,0,0
13.10152319482861,80.27409475701039,1,0
13.124270394917367,80.29845063743981,1,0
13.04419290945193,80.18397620121016,1,1
13.00214729165006,80.18899503998006,0,0
13.11068042778423,80.32808190344386,0,1
13.125121689550102,80.29999555969042,0,0
13.111071419793028,80.33164569774006,0,0
13.021427543095125,80.30174306423278,0,0
13.113014188338546,80.26943106119806,0,0
13.115338417316146,80.28082654740557,0,1
13.098781077350509,80.327825584788,2,0
13.114917389919338,80.26576135090238,2,0
13.12688821595166,80.27647826486567,0,0
13.09204061713562,80.18129534320073,0,0
13.013290707095452,80.24478424402322,0,0
13.073144171450082,80.29327942239162,0,0
13.01164740020074,80.20418853966328,2,1
13.061131454654864,80.19045083610492,0,0
13.061065973368844,80.21276536164488,1,0
13.009901476621037,80.19830012559856,0,1
13.052323080095421,80.19298252740728,2,1
13.016649714818698,80.23497016857362,0,0
13.121235281501384,80.3315677027767,1,0
13.14215320389467,80.25141192934774,0,0
13.010847471288692,80.18758407616306,1,0
13.143267281093756,80.16539433387618,0,0
13.078386489900511,80.28923122902758,0,0
13.044934851693082,80.22655975288728,2,0
13.011529311291424,80.31436618931707,2,0
13.075093640210563,80.28190215372815,1,0
13.119177331673612,80.30924829010827,1,0
13.106062971590005,80.2043892078837,1,1
13.007533901719595,80.28847178449222,0,0
13.010935275305185,80.20281239693874,0,1
13.060430992394895,80.33781369589005,0,0
13.044293574107192,80.27727485630668,1,1
13.034857648458408,80.21490236003507,0,1
13.042150674836307,80.20390237245846,0,1
13.120522411494534,80.18818531701433,0,0
13.139384208044778,80.28892819177874,1,0
13.060765404179135,80.19374312259959,0,0
13.135916650319874,80.26906065318549,0,0
13.048224355187182,80.20292700538508,0,0
13.071465547951568,80.28239378895877,0,0
13.0339043496724,80.3129879457081,0,0
13.096071406326377,80.30560504862893,1,1
13.146847167276222,80.30217026618615,1,0
13.090523964406508,80.18754448113846,1,0
13.053672112617033,80.16767698939691,0,0
13.097172616898579,80.28978976569748,1,0
13.018438101769808,80.22366944275888,0,0
13.13329886203981,80.23646924528067,0,1
13.075462592616976,80.15622981855869,1,1
13.067402461305946,80.20191528985501,0,0
13.087879718268027,80.1567352807749,0,1
13.09371757941841,80.32583715452024,1,1
13.010766370933977,80.1986793366437,0,1
13.10239258318351,80.2614674339146,1,0
13.03628975204733,80.15779586413223,0,1
13.107092894875988,80.28336947826114,1,1
13.12338021915763,80.21460546915083,0,0
13.120593776132878,80.32958383739152,0,0
13.082875145111183,80.3276236377868,1,1
13.078025483846613,80.21505812367235,0,0
13.021431394200912,80.3301921791381,0,0
13.11630192256047,80.34923153469975,0,0
13.040711407067008,80.31508313282478,0,0
13.074504313422691,80.31897426955105,0,0
13.042641113939128,80.19980174722183,0,0
13.020074254449954,80.26534047977155,2,0
13.094433654533761,80.16345118279348,0,1
13.008149805223436,80.16898358736434,0,0
13.11229678511893,80.34977852240665,0,0
13.047638019289167,80.21532784988518,0,0
13.000020203950672,80.29963678240976,2,1
13.076669370885584,80.31133301060537,0,0
